{
    "animation": [
        {
            "name": "Root",
            "time": [0.0, 1.0, 2.0, 3.0, 4.0, 4.7667],
            "transform": [
                [1.0, -0.0, 0.0, -2.2e-05, 0.0, -0.0, -1.0, 4.1e-05, 0.0, 1.0, -0.0, 1.495772, 0.0, 0.0, 0.0, 1.0],
                [1.0, -0.0, 0.0, -0.085283, 0.0, -0.0, -1.0, 4.1e-05, 0.0, 1.0, -0.0, 1.44632, 0.0, 0.0, 0.0, 1.0],
                [1.0, -0.0, 0.0, -0.049757, 0.0, -0.0, -1.0, 4.1e-05, 0.0, 1.0, -0.0, 1.38948, 0.0, 0.0, 0.0, 1.0],
                [1.0, -0.0, 0.0, -2.2e-05, 0.0, -0.0, -1.0, 4.1e-05, 0.0, 1.0, -0.0, 1.453425, 0.0, 0.0, 0.0, 1.0],
                [1.0, -0.0, 0.0, -2.2e-05, 0.0, -0.0, -1.0, 4.1e-05, 0.0, 1.0, -0.0, 1.503161, 0.0, 0.0, 0.0, 1.0],
                [1.0, -0.0, 0.0, -2.2e-05, 0.0, -0.0, -1.0, 4.1e-05, 0.0, 1.0, -0.0, 1.510266, 0.0, 0.0, 0.0, 1.0]
            ]
        },
        {
            "name": "Thigh_R",
            "time": [0.0, 1.0, 2.0, 3.0, 4.0, 4.7667],
            "transform": [
                [0.551546, 0.819959, 0.153184, 0.124994, 0.271188, -0.349929, 0.896664, -0.002831, 0.788831, -0.45301, -0.415365, -1.2e-05, 0.0, 0.0, 0.0, 1.0],
                [0.487854, 0.867066, 0.100972, 0.124994, 0.287015, -0.268568, 0.919507, -0.002831, 0.824391, -0.419605, -0.379883, -1.2e-05, 0.0, 0.0, 0.0, 1.0],
                [0.543833, 0.838859, 0.023704, 0.124994, 0.300558, -0.221069, 0.927789, -0.002831, 0.783524, -0.497439, -0.37235, -1.2e-05, 0.0, 0.0, 0.0, 1.0],
                [0.586625, 0.805519, 0.083729, 0.124994, 0.275539, -0.295738, 0.914667, -0.002831, 0.761544, -0.513496, -0.395439, -1.2e-05, 0.0, 0.0, 0.0, 1.0],
                [0.578818, 0.804716, 0.131919, 0.124994, 0.267158, -0.339978, 0.901688, -0.002831, 0.770452, -0.48667, -0.411772, -1.2e-05, 0.0, 0.0, 0.0, 1.0],
                [0.55183, 0.819785, 0.15309, 0.124994, 0.27123, -0.350013, 0.896618, -0.002831, 0.788618, -0.453258, -0.415498, -1.2e-05, 0.0, 0.0, 0.0, 1.0]
            ]
        },
        {
            "name": "Leg_R",
            "time": [0.0, 1.0, 2.0, 3.0, 4.0, 4.7667],
            "transform": [
                [1.0, -0.0, 0.0, 0.0, 0.0, -0.319402, 0.947619, 0.37472, -0.0, -0.94762, -0.319402, -0.0, 0.0, 0.0, 0.0, 1.0],
                [1.0, 0.0, -0.0, 0.0, 0.0, -0.419798, 0.907618, 0.37472, 0.0, -0.907618, -0.419798, 0.0, 0.0, 0.0, 0.0, 1.0],
                [1.0, 0.0, -0.0, 0.0, 0.0, -0.50264, 0.864495, 0.37472, 0.0, -0.864496, -0.50264, 0.0, 0.0, 0.0, 0.0, 1.0],
                [1.0, 0.0, -0.0, -0.0, 0.0, -0.434751, 0.90055, 0.37472, -0.0, -0.900551, -0.434751, -0.0, 0.0, 0.0, 0.0, 1.0],
                [1.0, 0.0, -0.0, -0.0, 0.0, -0.362885, 0.931834, 0.37472, 0.0, -0.931834, -0.362884, -0.0, 0.0, 0.0, 0.0, 1.0],
                [1.0, -0.0, -0.0, 0.0, 0.0, -0.319402, 0.947619, 0.37472, 0.0, -0.947619, -0.319402, -0.0, 0.0, 0.0, 0.0, 1.0]
            ]
        },
        {
            "name": "Knee_R",
            "time": [0.0, 1.0, 2.0, 3.0, 4.0, 4.7667],
            "transform": [
                [1.0, 0.0, -0.0, 0.0, -0.0, 1e-06, -1.0, 0.37472, -0.0, 1.0, 1e-06, -0.0, 0.0, 0.0, 0.0, 1.0],
                [1.0, 0.0, -0.0, 0.0, -0.0, 1e-06, -1.0, 0.37472, -0.0, 1.0, 1e-06, 0.0, 0.0, 0.0, 0.0, 1.0],
                [1.0, 0.0, -0.0, 0.0, -0.0, 1e-06, -1.0, 0.37472, -0.0, 1.0, 1e-06, 0.0, 0.0, 0.0, 0.0, 1.0],
                [1.0, 0.0, -0.0, -0.0, -0.0, 1e-06, -1.0, 0.37472, -0.0, 1.0, 1e-06, -0.0, 0.0, 0.0, 0.0, 1.0],
                [1.0, 0.0, -0.0, -0.0, -0.0, 1e-06, -1.0, 0.37472, -0.0, 1.0, 1e-06, -0.0, 0.0, 0.0, 0.0, 1.0],
                [1.0, 0.0, -0.0, 0.0, -0.0, 1e-06, -1.0, 0.37472, -0.0, 1.0, 1e-06, -0.0, 0.0, 0.0, 0.0, 1.0]
            ]
        },
        {
            "name": "Thigh_L",
            "time": [0.0, 1.0, 2.0, 3.0, 4.0, 4.7667],
            "transform": [
                [0.93786, -0.006872, -0.346947, -0.125006, 0.194212, -0.818163, 0.541194, -0.002831, -0.287579, -0.574945, -0.765987, -1.2e-05, 0.0, 0.0, 0.0, 1.0],
                [0.921928, -0.029618, -0.386228, -0.125006, 0.166054, -0.870594, 0.463132, -0.002831, -0.349965, -0.491109, -0.797707, -1.2e-05, 0.0, 0.0, 0.0, 1.0],
                [0.900958, -0.050296, -0.430981, -0.125006, 0.147562, -0.898542, 0.413337, -0.002831, -0.408045, -0.435996, -0.802127, -1.2e-05, 0.0, 0.0, 0.0, 1.0],
                [0.911672, -0.041297, -0.408838, -0.125006, 0.194347, -0.833291, 0.517546, -0.002831, -0.362055, -0.551288, -0.751663, -1.2e-05, 0.0, 0.0, 0.0, 1.0],
                [0.927254, -0.036488, -0.37265, -0.125006, 0.190716, -0.81044, 0.553908, -0.002831, -0.322221, -0.584684, -0.744525, -1.2e-05, 0.0, 0.0, 0.0, 1.0],
                [0.93786, -0.006872, -0.346947, -0.125006, 0.194212, -0.818163, 0.541194, -0.002831, -0.287579, -0.574945, -0.765987, -1.2e-05, 0.0, 0.0, 0.0, 1.0]
            ]
        },
        {
            "name": "Leg_L",
            "time": [0.0, 1.0, 2.0, 3.0, 4.0, 4.7667],
            "transform": [
                [1.0, -0.0, 0.0, 0.0, -0.0, -0.769728, 0.638372, 0.37472, -0.0, -0.638372, -0.769728, 0.0, 0.0, 0.0, 0.0, 1.0],
                [1.0, -0.0, 0.0, -0.0, -0.0, -0.780078, 0.625683, 0.37472, -0.0, -0.625683, -0.780078, -0.0, 0.0, 0.0, 0.0, 1.0],
                [1.0, -0.0, 0.0, -0.0, -0.0, -0.827379, 0.561644, 0.37472, -0.0, -0.561644, -0.827379, -0.0, 0.0, 0.0, 0.0, 1.0],
                [1.0, -0.0, -0.0, -0.0, -0.0, -0.821779, 0.569806, 0.37472, -0.0, -0.569806, -0.82178, -0.0, 0.0, 0.0, 0.0, 1.0],
                [1.0, -0.0, 0.0, 0.0, -0.0, -0.793177, 0.608992, 0.37472, -0.0, -0.608991, -0.793177, -0.0, 0.0, 0.0, 0.0, 1.0],
                [1.0, -0.0, 0.0, 0.0, -0.0, -0.769728, 0.638372, 0.37472, -0.0, -0.638373, -0.769728, 0.0, 0.0, 0.0, 0.0, 1.0]
            ]
        },
        {
            "name": "Knee_L",
            "time": [0.0, 1.0, 2.0, 3.0, 4.0, 4.7667],
            "transform": [
                [1.0, 0.0, -0.0, 0.0, -0.0, 1e-06, -1.0, 0.37472, -0.0, 1.0, 1e-06, 0.0, 0.0, 0.0, 0.0, 1.0],
                [1.0, 0.0, -0.0, -0.0, -0.0, 1e-06, -1.0, 0.37472, -0.0, 1.0, 1e-06, -0.0, 0.0, 0.0, 0.0, 1.0],
                [1.0, 0.0, -0.0, -0.0, -0.0, 1e-06, -1.0, 0.37472, -0.0, 1.0, 1e-06, -0.0, 0.0, 0.0, 0.0, 1.0],
                [1.0, 0.0, -0.0, -0.0, -0.0, 1e-06, -1.0, 0.37472, -0.0, 1.0, 1e-06, -0.0, 0.0, 0.0, 0.0, 1.0],
                [1.0, 0.0, -0.0, 0.0, -0.0, 1e-06, -1.0, 0.37472, -0.0, 1.0, 1e-06, -0.0, 0.0, 0.0, 0.0, 1.0],
                [1.0, 0.0, -0.0, 0.0, -0.0, 1e-06, -1.0, 0.37472, -0.0, 1.0, 1e-06, 0.0, 0.0, 0.0, 0.0, 1.0]
            ]
        },
        {
            "name": "Torso",
            "time": [0.0, 1.0, 2.0, 3.0, 4.0, 4.7667],
            "transform": [
                [0.730722, -0.41121, -0.544933, -0.0, 0.350468, 0.910976, -0.217472, 0.05, 0.585848, -0.03207, 0.809786, 0.0, 0.0, 0.0, 0.0, 1.0],
                [0.743478, -0.36292, -0.56172, 0.0, 0.293158, 0.931804, -0.214011, 0.05, 0.601082, -0.00556, 0.799168, 0.0, 0.0, 0.0, 0.0, 1.0],
                [0.723081, -0.403332, -0.560782, -0.0, 0.342574, 0.914346, -0.215906, 0.05, 0.59983, -0.035992, 0.799317, -0.0, 0.0, 0.0, 0.0, 1.0],
                [0.710693, -0.448669, -0.541859, -0.0, 0.370474, 0.893467, -0.2539, 0.05, 0.59805, -0.0203, 0.801201, 0.0, 0.0, 0.0, 0.0, 1.0],
                [0.721202, -0.431016, -0.542304, -0.0, 0.359301, 0.902066, -0.239121, 0.05, 0.592259, -0.022396, 0.805436, 0.0, 0.0, 0.0, 0.0, 1.0],
                [0.730722, -0.41121, -0.544933, -0.0, 0.350468, 0.910976, -0.217472, 0.05, 0.585848, -0.03207, 0.809786, 0.0, 0.0, 0.0, 0.0, 1.0]
            ]
        },
        {
            "name": "Chest",
            "time": [0.0, 1.0, 2.0, 3.0, 4.0, 4.7667],