{
    "animation": [
        {
            "name": "Root",
            "time": [0.0, 1.0, 2.0, 3.0, 4.0, 4.7667],
            "transform": [
                [1.0, -0.0, 0.0, -2.2e-05, 0.0, -0.0, -1.0, 4.1e-05, 0.0, 1.0, -0.0, 2.527435, 0.0, 0.0, 0.0, 1.0],
                [1.0, -0.0, 0.0, -2.2e-05, 0.0, -0.0, -1.0, 4.1e-05, 0.0, 1.0, -0.0, 2.527435, 0.0, 0.0, 0.0, 1.0],
                [1.0, -0.0, 0.0, -2.2e-05, 0.0, -0.0, -1.0, 4.1e-05, 0.0, 1.0, -0.0, 2.527435, 0.0, 0.0, 0.0, 1.0],
                [1.0, -0.0, 0.0, -2.2e-05, 0.0, -0.0, -1.0, 4.1e-05, 0.0, 1.0, -0.0, 2.527435, 0.0, 0.0, 0.0, 1.0],
                [1.0, -0.0, 0.0, -2.2e-05, 0.0, -0.0, -1.0, 4.1e-05, 0.0, 1.0, -0.0, 2.527435, 0.0, 0.0, 0.0, 1.0],
                [1.0, -0.0, 0.0, -2.2e-05, 0.0, -0.0, -1.0, 4.1e-05, 0.0, 1.0, -0.0, 2.527435, 0.0, 0.0, 0.0, 1.0]
            ]
        },
        {
            "name": "Thigh_R",
            "time": [0.0, 1.0, 2.0, 3.0, 4.0, 4.7667],
            "transform": [
                [0.551544, 0.819961, 0.153184, 0.124994, 0.271187, -0.34993, 0.896664, -0.002831, 0.788829, -0.453011, -0.415365, -1.2e-05, 0.0, 0.0, 0.0, 1.0],
                [0.487853, 0.867069, 0.100972, 0.124994, 0.287014, -0.268569, 0.919507, -0.002831, 0.824389, -0.419607, -0.379883, -1.2e-05, 0.0, 0.0, 0.0, 1.0],
                [0.543832, 0.838861, 0.023704, 0.124994, 0.300557, -0.22107, 0.927789, -0.002831, 0.783522, -0.49744, -0.37235, -1.2e-05, 0.0, 0.0, 0.0, 1.0],
                [0.586623, 0.805522, 0.083729, 0.124994, 0.275539, -0.295739, 0.914667, -0.002831, 0.761542, -0.513498, -0.395439, -1.2e-05, 0.0, 0.0, 0.0, 1.0],
                [0.578816, 0.804719, 0.131919, 0.124994, 0.267158, -0.339979, 0.901688, -0.002831, 0.77045, -0.486671, -0.411772, -1.2e-05, 0.0, 0.0, 0.0, 1.0],
                [0.551828, 0.819788, 0.15309, 0.124994, 0.271229, -0.350014, 0.896618, -0.002831, 0.788616, -0.45326, -0.415498, -1.2e-05, 0.0, 0.0, 0.0, 1.0]
            ]
        },
        {
            "name": "Leg_R",
            "time": [0.0, 1.0, 2.0, 3.0, 4.0, 4.7667],
            "transform": [
                [0.999998, -0.0, 0.0, 0.0, 0.0, -0.319402, 0.947622, 0.37472, 0.0, -0.947619, -0.319403, 0.0, 0.0, 0.0, 0.0, 1.0],
                [0.999998, 0.0, -0.0, 0.0, 0.0, -0.419798, 0.90762, 0.37472, 0.0, -0.907618, -0.419799, -0.0, 0.0, 0.0, 0.0, 1.0],
                [0.999998, 0.0, -0.0, 0.0, 0.0, -0.50264, 0.864498, 0.37472, 0.0, -0.864495, -0.502641, 0.0, 0.0, 0.0, 0.0, 1.0],
                [0.999998, 0.0, -0.0, 0.0, 0.0, -0.434751, 0.900553, 0.37472, -0.0, -0.90055, -0.434752, 0.0, 0.0, 0.0, 0.0, 1.0],
                [0.999998, 0.0, -0.0, -0.0, 0.0, -0.362884, 0.931836, 0.37472, 0.0, -0.931834, -0.362885, -0.0, 0.0, 0.0, 0.0, 1.0],
                [0.999998, 0.0, -0.0, -0.0, 0.0, -0.319402, 0.947622, 0.37472, -0.0, -0.947619, -0.319403, 0.0, 0.0, 0.0, 0.0, 1.0]
            ]
        },
        {
            "name": "Knee_R",
            "time": [0.0, 1.0, 2.0, 3.0, 4.0, 4.7667],
            "transform": [
                [1.0, 0.0, -0.0, 0.0, -0.0, 1e-06, -1.0, 0.37472, -0.0, 1.0, 1e-06, 0.0, 0.0, 0.0, 0.0, 1.0],
                [1.0, 0.0, -0.0, 0.0, -0.0, 1e-06, -1.0, 0.37472, -0.0, 1.0, 1e-06, -0.0, 0.0, 0.0, 0.0, 1.0],
                [1.0, 0.0, -0.0, 0.0, -0.0, 1e-06, -1.0, 0.37472, -0.0, 1.0, 1e-06, 0.0, 0.0, 0.0, 0.0, 1.0],
                [1.0, 0.0, -0.0, 0.0, -0.0, 1e-06, -1.0, 0.37472, -0.0, 1.0, 1e-06, 0.0, 0.0, 0.0, 0.0, 1.0],
                [1.0, 0.0, -0.0, -0.0, -0.0, 1e-06, -1.0, 0.37472, -0.0, 1.0, 1e-06, -0.0, 0.0, 0.0, 0.0, 1.0],
                [1.0, 0.0, -0.0, -0.0, -0.0, 1e-06, -1.0, 0.37472, -0.0, 1.0, 1e-06, 0.0, 0.0, 0.0, 0.0, 1.0]
            ]
        },
        {
            "name": "Thigh_L",
            "time": [0.0, 1.0, 2.0, 3.0, 4.0, 4.7667],
            "transform": [
                [0.93786, -0.006872, -0.346947, -0.125006, 0.194212, -0.818164, 0.541194, -0.002831, -0.287579, -0.574946, -0.765988, -1.2e-05, 0.0, 0.0, 0.0, 1.0],
                [0.921928, -0.029618, -0.386228, -0.125006, 0.166054, -0.870596, 0.463133, -0.002831, -0.349965, -0.49111, -0.797707, -1.2e-05, 0.0, 0.0, 0.0, 1.0],
                [0.900958, -0.050297, -0.430982, -0.125006, 0.147562, -0.898543, 0.413337, -0.002831, -0.408045, -0.435996, -0.802127, -1.2e-05, 0.0, 0.0, 0.0, 1.0],
                [0.911672, -0.041297, -0.408839, -0.125006, 0.194347, -0.833293, 0.517546, -0.002831, -0.362055, -0.551289, -0.751663, -1.2e-05, 0.0, 0.0, 0.0, 1.0],
                [0.927255, -0.036488, -0.37265, -0.125006, 0.190716, -0.810441, 0.553908, -0.002831, -0.322221, -0.584685, -0.744525, -1.2e-05, 0.0, 0.0, 0.0, 1.0],
                [0.93786, -0.006872, -0.346947, -0.125006, 0.194212, -0.818164, 0.541194, -0.002831, -0.287579, -0.574946, -0.765988, -1.2e-05, 0.0, 0.0, 0.0, 1.0]
            ]
        },
        {
            "name": "Leg_L",
            "time": [0.0, 1.0, 2.0, 3.0, 4.0, 4.7667],
            "transform": [
                [0.999999, -0.0, 0.0, 0.0, -0.0, -0.769729, 0.638372, 0.37472, -0.0, -0.638373, -0.769728, 0.0, 0.0, 0.0, 0.0, 1.0],
                [0.999999, -0.0, 0.0, -0.0, -0.0, -0.780079, 0.625683, 0.374721, -0.0, -0.625683, -0.780078, 0.0, 0.0, 0.0, 0.0, 1.0],
                [0.999998, -0.0, 0.0, 0.0, -0.0, -0.82738, 0.561644, 0.37472, -0.0, -0.561645, -0.827379, -0.0, 0.0, 0.0, 0.0, 1.0],
                [0.999999, -0.0, 0.0, 0.0, -0.0, -0.82178, 0.569806, 0.37472, -0.0, -0.569806, -0.82178, 0.0, 0.0, 0.0, 0.0, 1.0],
                [0.999999, -0.0, 0.0, 0.0, -0.0, -0.793178, 0.608992, 0.37472, -0.0, -0.608992, -0.793177, 0.0, 0.0, 0.0, 0.0, 1.0],
                [0.999999, -0.0, 0.0, 0.0, -0.0, -0.769729, 0.638372, 0.37472, -0.0, -0.638373, -0.769728, 0.0, 0.0, 0.0, 0.0, 1.0]
            ]
        },
        {
            "name": "Knee_L",
            "time": [0.0, 1.0, 2.0, 3.0, 4.0, 4.7667],
            "transform": [
                [1.0, 0.0, -0.0, 0.0, -0.0, 1e-06, -1.0, 0.37472, -0.0, 1.0, 1e-06, 0.0, 0.0, 0.0, 0.0, 1.0],
                [1.0, 0.0, -0.0, -0.0, -0.0, 1e-06, -1.0, 0.374721, -0.0, 1.0, 1e-06, 0.0, 0.0, 0.0, 0.0, 1.0],
                [1.0, 0.0, -0.0, 0.0, -0.0, 1e-06, -1.0, 0.37472, -0.0, 1.0, 1e-06, -0.0, 0.0, 0.0, 0.0, 1.0],
                [1.0, 0.0, -0.0, 0.0, -0.0, 1e-06, -1.0, 0.37472, -0.0, 1.0, 1e-06, 0.0, 0.0, 0.0, 0.0, 1.0],
                [1.0, 0.0, -0.0, 0.0, -0.0, 1e-06, -1.0, 0.37472, -0.0, 1.0, 1e-06, 0.0, 0.0, 0.0, 0.0, 1.0],
                [1.0, 0.0, -0.0, 0.0, -0.0, 1e-06, -1.0, 0.37472, -0.0, 1.0, 1e-06, 0.0, 0.0, 0.0, 0.0, 1.0]
            ]
        },
        {
            "name": "Torso",
            "time": [0.0, 1.0, 2.0, 3.0, 4.0, 4.7667],
            "transform": [
                [0.730723, -0.41121, -0.544933, -0.0, 0.350469, 0.910975, -0.217472, 0.05, 0.585848, -0.03207, 0.809786, -0.0, 0.0, 0.0, 0.0, 1.0],
                [0.743479, -0.36292, -0.56172, -0.0, 0.293158, 0.931803, -0.214011, 0.05, 0.601082, -0.00556, 0.799168, -0.0, 0.0, 0.0, 0.0, 1.0],
                [0.723082, -0.403332, -0.560782, -0.0, 0.342574, 0.914344, -0.215906, 0.05, 0.599831, -0.035992, 0.799317, -0.0, 0.0, 0.0, 0.0, 1.0],
                [0.710694, -0.448669, -0.541859, -0.0, 0.370474, 0.893466, -0.2539, 0.05, 0.598051, -0.0203, 0.801201, -0.0, 0.0, 0.0, 0.0, 1.0],
                [0.721202, -0.431015, -0.542304, -0.0, 0.359302, 0.902065, -0.239121, 0.05, 0.59226, -0.022396, 0.805436, -0.0, 0.0, 0.0, 0.0, 1.0],
                [0.730723, -0.41121, -0.544933, -0.0, 0.350469, 0.910975, -0.217472, 0.05, 0.585848, -0.03207, 0.809786, -0.0, 0.0, 0.0, 0.0, 1.0]
            ]
        },
        {
            "name": "Chest",
            "time": [0.0, 1.0, 2.0, 3.0, 4.0, 4.7667],