{
    "animation": [
        {
            "name": "Root",
            "time": [0.0, 0.1667, 0.3333, 0.5, 0.8333, 1.0],
            "transform": [
                [0.999997, 0.002329, 0.0, 0.070545, 0.0, -0.0, -1.0, 0.000946, -0.002329, 0.999997, -0.0, 2.439784, 0.0, 0.0, 0.0, 1.0],
                [0.999997, 0.002329, 0.0, 0.070545, 0.0, -0.0, -1.0, 0.000946, -0.002329, 0.999997, -0.0, 2.439784, 0.0, 0.0, 0.0, 1.0],
                [0.999997, 0.002329, 0.0, 0.070545, 0.0, -0.0, -1.0, 0.000946, -0.002329, 0.999997, -0.0, 2.523937, 0.0, 0.0, 0.0, 1.0],
                [0.999997, 0.002329, 0.0, 0.070545, 0.0, -0.0, -1.0, 0.000946, -0.002329, 0.999997, -0.0, 2.799928, 0.0, 0.0, 0.0, 1.0],
                [0.999997, 0.002329, 0.0, 0.070545, 0.0, -0.0, -1.0, 0.000946, -0.002329, 0.999997, -0.0, 3.46292, 0.0, 0.0, 0.0, 1.0],
                [0.999997, 0.002329, 0.0, 0.070545, 0.0, -0.0, -1.0, 0.000946, -0.002329, 0.999997, -0.0, 3.46292, 0.0, 0.0, 0.0, 1.0]
            ]
        },
        {
            "name": "Thigh_R",
            "time": [0.0, 0.1667, 0.3333, 0.5, 0.8333, 1.0],
            "transform": [
                [0.549741, 0.82095, 0.154363, 0.124994, 0.270328, -0.349688, 0.897018, -0.002831, 0.790385, -0.451398, -0.414164, -1.2e-05, 0.0, 0.0, 0.0, 1.0],
                [0.549741, 0.82095, 0.154363, 0.124994, 0.270328, -0.349688, 0.897018, -0.002831, 0.790385, -0.451398, -0.414164, -1.2e-05, 0.0, 0.0, 0.0, 1.0],
                [0.549741, 0.741836, 0.384013, 0.124994, 0.270328, -0.592965, 0.758496, -0.002831, 0.790385, -0.313166, -0.526516, -1.2e-05, 0.0, 0.0, 0.0, 1.0],
                [0.549741, 0.599999, 0.581195, 0.124994, 0.270328, -0.786106, 0.555842, -0.002831, 0.790385, -0.148456, -0.594351, -1.2e-05, 0.0, 0.0, 0.0, 1.0],
                [0.549741, 0.82095, 0.154363, 0.124994, 0.270328, -0.349688, 0.897018, -0.002831, 0.790385, -0.451398, -0.414164, -1.2e-05, 0.0, 0.0, 0.0, 1.0],
                [0.549741, 0.82095, 0.154363, 0.124994, 0.270328, -0.349688, 0.897018, -0.002831, 0.790385, -0.451398, -0.414164, -1.2e-05, 0.0, 0.0, 0.0, 1.0]
            ]
        },
        {
            "name": "Leg_R",
            "time": [0.0, 0.1667, 0.3333, 0.5, 0.8333, 1.0],
            "transform": [
                [1.0, 0.0, 0.0, -0.0, 0.0, -0.3196, 0.947553, 0.37472, 0.0, -0.947553, -0.3196, -0.0, 0.0, 0.0, 0.0, 1.0],
                [1.0, 0.0, 0.0, -0.0, 0.0, -0.3196, 0.947553, 0.37472, 0.0, -0.947553, -0.3196, -0.0, 0.0, 0.0, 0.0, 1.0],
                [1.0, 0.0, 0.0, -0.0, -0.0, 0.114109, 0.993469, 0.37472, 0.0, -0.993469, 0.114109, 0.0, 0.0, 0.0, 0.0, 1.0],
                [1.0, 0.0, -0.0, -0.0, -0.0, 0.526113, 0.850415, 0.37472, 0.0, -0.850415, 0.526113, -0.0, 0.0, 0.0, 0.0, 1.0],
                [1.0, 0.0, 0.0, -0.0, 0.0, -0.3196, 0.947553, 0.37472, 0.0, -0.947553, -0.3196, 0.0, 0.0, 0.0, 0.0, 1.0],
                [1.0, 0.0, 0.0, -0.0, 0.0, -0.3196, 0.947553, 0.37472, 0.0, -0.947553, -0.3196, 0.0, 0.0, 0.0, 0.0, 1.0]
            ]
        },
        {
            "name": "Knee_R",
            "time": [0.0, 0.1667, 0.3333, 0.5, 0.8333, 1.0],
            "transform": [
                [1.0, 0.0, -0.0, -0.0, -0.0, 1e-06, -1.0, 0.37472, -0.0, 1.0, 1e-06, -0.0, 0.0, 0.0, 0.0, 1.0],
                [1.0, 0.0, -0.0, -0.0, -0.0, 1e-06, -1.0, 0.37472, -0.0, 1.0, 1e-06, -0.0, 0.0, 0.0, 0.0, 1.0],
                [1.0, 0.0, -0.0, -0.0, -0.0, 1e-06, -1.0, 0.37472, -0.0, 1.0, 1e-06, 0.0, 0.0, 0.0, 0.0, 1.0],
                [1.0, 0.0, -0.0, -0.0, -0.0, 1e-06, -1.0, 0.37472, -0.0, 1.0, 1e-06, -0.0, 0.0, 0.0, 0.0, 1.0],
                [1.0, 0.0, -0.0, -0.0, -0.0, 1e-06, -1.0, 0.37472, -0.0, 1.0, 1e-06, 0.0, 0.0, 0.0, 0.0, 1.0],
                [1.0, 0.0, -0.0, -0.0, -0.0, 1e-06, -1.0, 0.37472, -0.0, 1.0, 1e-06, 0.0, 0.0, 0.0, 0.0, 1.0]
            ]
        },
        {
            "name": "Thigh_L",
            "time": [0.0, 0.1667, 0.3333, 0.5, 0.8333, 1.0],
            "transform": [
                [0.937786, -0.007905, -0.347123, -0.125006, 0.193605, -0.817993, 0.541668, -0.002831, -0.288226, -0.575174, -0.765572, -1.2e-05, 0.0, 0.0, 0.0, 1.0],
                [0.937786, -0.007905, -0.347123, -0.125006, 0.193605, -0.817993, 0.541668, -0.002831, -0.288226, -0.575174, -0.765572, -1.2e-05, 0.0, 0.0, 0.0, 1.0],
                [0.97044, -0.007905, -0.241212, -0.125006, 0.132472, -0.817993, 0.559766, -0.002831, -0.201735, -0.575173, -0.792766, -1.2e-05, 0.0, 0.0, 0.0, 1.0],
                [0.991173, -0.007905, -0.132338, -0.125006, 0.069713, -0.817993, 0.570988, -0.002831, -0.112765, -0.575173, -0.810222, -1.2e-05, 0.0, 0.0, 0.0, 1.0],
                [0.937786, -0.007905, -0.347123, -0.125006, 0.193605, -0.817993, 0.541668, -0.002831, -0.288226, -0.575174, -0.765572, -1.2e-05, 0.0, 0.0, 0.0, 1.0],
                [0.937786, -0.007905, -0.347123, -0.125006, 0.193605, -0.817993, 0.541668, -0.002831, -0.288226, -0.575174, -0.765572, -1.2e-05, 0.0, 0.0, 0.0, 1.0]
            ]
        },
        {
            "name": "Leg_L",
            "time": [0.0, 0.1667, 0.3333, 0.5, 0.8333, 1.0],
            "transform": [
                [1.0, -0.0, -0.0, -0.0, 0.0, -0.769843, 0.638234, 0.37472, -0.0, -0.638234, -0.769842, 0.0, 0.0, 0.0, 0.0, 1.0],
                [1.0, -0.0, -0.0, -0.0, 0.0, -0.769843, 0.638234, 0.37472, -0.0, -0.638234, -0.769842, 0.0, 0.0, 0.0, 0.0, 1.0],
                [1.0, -0.0, -0.0, -0.0, 0.0, -0.079588, 0.996828, 0.37472, -0.0, -0.996828, -0.079588, 0.0, 0.0, 0.0, 0.0, 1.0],
                [1.0, -1e-06, 0.0, 0.0, 0.0, 0.65882, 0.752301, 0.37472, -0.0, -0.752301, 0.65882, -0.0, 0.0, 0.0, 0.0, 1.0],
                [1.0, -0.0, -0.0, -0.0, 0.0, -0.769843, 0.638234, 0.37472, -0.0, -0.638234, -0.769842, 0.0, 0.0, 0.0, 0.0, 1.0],
                [1.0, -0.0, -0.0, -0.0, 0.0, -0.769843, 0.638234, 0.37472, -0.0, -0.638234, -0.769842, 0.0, 0.0, 0.0, 0.0, 1.0]
            ]
        },
        {
            "name": "Knee_L",
            "time": [0.0, 0.1667, 0.3333, 0.5, 0.8333, 1.0],
            "transform": [
                [1.0, 0.0, -0.0, -0.0, -0.0, 1e-06, -1.0, 0.37472, -0.0, 1.0, 1e-06, 0.0, 0.0, 0.0, 0.0, 1.0],
                [1.0, 0.0, -0.0, -0.0, -0.0, 1e-06, -1.0, 0.37472, -0.0, 1.0, 1e-06, 0.0, 0.0, 0.0, 0.0, 1.0],
                [1.0, 0.0, -0.0, -0.0, -0.0, 1e-06, -1.0, 0.37472, -0.0, 1.0, 1e-06, 0.0, 0.0, 0.0, 0.0, 1.0],
                [1.0, 0.0, -0.0, 0.0, -0.0, 1e-06, -1.0, 0.37472, -0.0, 1.0, 1e-06, -0.0, 0.0, 0.0, 0.0, 1.0],
                [1.0, 0.0, -0.0, -0.0, -0.0, 1e-06, -1.0, 0.37472, -0.0, 1.0, 1e-06, 0.0, 0.0, 0.0, 0.0, 1.0],
                [1.0, 0.0, -0.0, -0.0, -0.0, 1e-06, -1.0, 0.37472, -0.0, 1.0, 1e-06, 0.0, 0.0, 0.0, 0.0, 1.0]
            ]
        },
        {
            "name": "Torso",
            "time": [0.0, 0.1667, 0.3333, 0.5, 0.8333, 1.0],
            "transform": [
                [0.730828, -0.411022, -0.544933, 0.0, 0.350234, 0.911067, -0.217472, 0.05, 0.585856, -0.031919, 0.809786, 0.0, 0.0, 0.0, 0.0, 1.0],
                [0.730828, -0.411022, -0.544933, 0.0, 0.350234, 0.911067, -0.217472, 0.05, 0.585856, -0.031919, 0.809786, 0.0, 0.0, 0.0, 0.0, 1.0],
                [0.730828, -0.411022, -0.544933, 0.0, 0.350234, 0.911067, -0.217472, 0.05, 0.585856, -0.031919, 0.809786, -0.0, 0.0, 0.0, 0.0, 1.0],
                [0.730828, -0.411022, -0.544933, -0.0, 0.350234, 0.911067, -0.217472, 0.05, 0.585856, -0.031919, 0.809786, 0.0, 0.0, 0.0, 0.0, 1.0],
                [0.730828, -0.411022, -0.544933, -0.0, 0.350234, 0.911067, -0.217472, 0.05, 0.585856, -0.031919, 0.809786, 0.0, 0.0, 0.0, 0.0, 1.0],
                [0.730828, -0.411022, -0.544933, -0.0, 0.350234, 0.911067, -0.217472, 0.05, 0.585856, -0.031919, 0.809786, 0.0, 0.0, 0.0, 0.0, 1.0]
            ]
        },
        {
            "name": "Chest",
            "time": [0.0, 0.1667, 0.3333, 0.5, 0.8333, 1.0],